p0001,2025:11:22 11:02:38,IMG_0676.HEIC
p0002,2025:11:22 11:02:46,IMG_0677.HEIC
p0003,2025:11:22 11:30:45,IMG_0682.HEIC
p0004,2025:11:22 11:30:48,IMG_0683.HEIC
p0005,2025:11:22 11:30:49,IMG_0684.HEIC
p0006,2025:11:22 11:31:13,IMG_0685.HEIC
p0007,2025:11:22 11:31:14,IMG_0686.HEIC
p0008,2025:11:22 11:31:16,IMG_0687.HEIC
p0009,2025:11:22 11:31:17,IMG_0688.HEIC
p0010,2025:11:22 11:31:26,IMG_0689.HEIC
p0011,2025:11:22 11:31:31,IMG_0690.HEIC
p0012,2025:11:22 11:32:45,IMG_0696.HEIC
p0013,2025:11:22 11:32:55,IMG_0697.HEIC
p0014,2025:11:22 11:33:11,IMG_0698.HEIC
p0015,2025:11:22 11:33:17,IMG_0700.HEIC
p0016,2025:11:22 11:33:19,IMG_0701(1).HEIC
p0017,2025:11:22 11:33:19,IMG_0701.HEIC
p0018,2025:11:22 12:33:53,IMG_0704(1).HEIC
p0019,2025:11:22 12:33:53,IMG_0704.HEIC
p0020,2025:11:22 12:33:56,IMG_0705.HEIC
p0021,2025:11:22 12:34:01,IMG_0706.HEIC
p0022,2025:11:22 12:34:18,IMG_0708.HEIC
p0023,2025:11:22 12:47:22,IMG_0725.HEIC
p0024,2025:11:22 13:21:23,IMG_0730.HEIC
p0025,2025:11:22 13:21:25,IMG_0731.HEIC
p0026,2025:11:22 13:21:26,IMG_0732.HEIC
p0027,2025:11:22 13:21:28,IMG_0733.HEIC
p0028,2025:11:22 13:21:30,IMG_0734.HEIC
p0029,2025:11:22 13:21:32,IMG_0735.HEIC
p0030,2026:03:21 09:56:59,IMG_3776.HEIC
p0031,2026:03:21 09:57:00,IMG_3777.HEIC
p0032,2026:03:21 09:57:01,IMG_3778.HEIC
p0033,2026:03:21 10:41:18,IMG_3781.HEIC
p0034,2026:03:21 10:41:20,IMG_3782.HEIC
p0035,2026:03:21 10:41:24,IMG_3783.HEIC
p0036,2026:03:21 10:41:53,IMG_3784.HEIC
p0037,2026:03:21 10:41:54,IMG_3785.HEIC
p0038,2026:03:21 11:37:08,IMG_3787.HEIC
p0039,2026:03:21 11:37:17,IMG_3788(1).HEIC
p0040,2026:03:21 11:37:17,IMG_3788.HEIC
p0041,2026:04:03 18:00:32,IMG_4096.HEIC
p0042,2026:04:03 18:00:44,IMG_4097.HEIC
p0043,2026:04:03 18:00:45,IMG_4098.HEIC
p0044,2026:04:03 18:00:53,IMG_4099.HEIC
p0045,2026:04:03 18:00:54,IMG_4100.HEIC
p0046,2026:04:03 18:00:55,IMG_4101.HEIC
p0047,2026:04:03 18:00:56,IMG_4102.HEIC
p0048,2026:04:03 18:00:56,IMG_4103.HEIC
p0049,2026:04:03 18:25:56,IMG_4104.HEIC
p0050,2026:04:03 18:25:56,IMG_4105.HEIC
p0051,2026:04:03 18:25:57,IMG_4106.HEIC
p0052,2026:04:03 18:25:59,IMG_4107.HEIC
p0053,2026:04:03 18:26:00,IMG_4108.HEIC
p0054,2026:04:03 18:26:03,IMG_4109.HEIC
p0055,2026:04:03 18:26:03,IMG_4110.HEIC
p0056,2026:04:04 10:33:17,IMG_4124.HEIC
p0057,2026:04:04 10:33:29,IMG_4125.HEIC
p0058,2026:04:04 10:33:30,IMG_4126.HEIC
p0059,2026:04:04 14:00:45,IMG_4169(1).HEIC
p0060,2026:04:04 14:00:45,IMG_4169.HEIC
p0061,2026:04:04 14:00:48,IMG_4171.HEIC
p0062,2026:04:04 14:00:55,IMG_4172.HEIC
p0063,2026:04:04 14:00:57,IMG_4173.HEIC
p0064,2026:05:02 09:55:04,IMG_4847.HEIC
p0065,2026:05:02 10:23:35,IMG_4849.HEIC
p0066,2026:05:02 10:23:36,IMG_4850.HEIC
p0067,2026:05:02 10:23:37,IMG_4851.HEIC
p0068,2026:05:02 10:23:38,IMG_4852.HEIC
p0069,2026:05:02 10:58:31,IMG_4853.HEIC
p0070,2026:05:02 10:58:40,IMG_4854.HEIC
p0071,2026:05:02 13:31:21,IMG_4867.HEIC
p0072,2026:05:02 13:31:24,IMG_4869.HEIC
p0073,2026:05:02 13:31:25,IMG_4870.HEIC
p0074,2026:05:02 13:31:26,IMG_4871.HEIC
p0075,2026:05:02 13:31:26,IMG_4872.HEIC
p0076,2026:05:02 13:31:27,IMG_4873.HEIC
p0077,2026:05:02 13:31:28,IMG_4874.HEIC
p0078,2026:05:02 13:31:40,IMG_4875.HEIC
p0079,2026:05:02 13:31:41,IMG_4876.HEIC
p0080,2026:05:02 13:31:42,IMG_4877.HEIC
p0081,2026:05:02 13:31:43,IMG_4878.HEIC
p0082,2026:05:02 13:34:32,IMG_4882.HEIC
p0083,2026:05:02 13:34:33,IMG_4883.HEIC
p0084,2026:05:02 13:35:00,IMG_4884.HEIC
p0085,2026:05:02 13:35:02,IMG_4885.HEIC
p0086,2026:05:02 13:35:03,IMG_4886.HEIC
p0087,2026:05:02 15:23:30,IMG_4893.HEIC
p0088,2026:05:02 20:27:18,IMG_4897.HEIC
p0089,2026:05:02 20:27:19,IMG_4898.HEIC
p0090,2026:05:02 21:01:45,IMG_4903.HEIC
p0091,2026:05:03 08:36:49,IMG_4909.HEIC
p0092,2026:05:03 08:37:00,IMG_4910.HEIC
p0093,2026:05:03 08:45:34,IMG_4912.HEIC
p0094,2026:05:03 09:59:08,IMG_4923.HEIC
p0095,2026:05:03 09:59:08,IMG_4924.HEIC
p0096,2026:05:03 09:59:09,IMG_4925.HEIC
p0097,2026:05:03 09:59:30,IMG_4926.HEIC
p0098,2026:05:03 09:59:32,IMG_4927.HEIC
p0099,2026:05:03 09:59:32,IMG_4928.HEIC
p0100,2026:05:03 10:08:21,IMG_4934.HEIC
p0101,2026:05:03 10:08:23,IMG_4935.HEIC
p0102,2026:05:03 10:08:25,IMG_4936.HEIC
p0103,2026:05:03 10:08:33,IMG_4938.HEIC
p0104,2026:05:03 10:08:35,IMG_4940.HEIC
p0105,2026:05:03 10:10:52,IMG_4946.HEIC
p0106,2026:05:03 10:10:54,IMG_4947.HEIC
p0107,2026:05:03 10:10:55,IMG_4948.HEIC
p0108,2026:05:03 10:11:17,IMG_4949.HEIC
p0109,2026:05:03 10:11:20,IMG_4950.HEIC
p0110,2026:05:03 10:11:21,IMG_4951.HEIC
p0111,2026:05:03 11:24:12,IMG_4977.HEIC
p0112,2026:05:03 11:24:22,IMG_4979.HEIC
p0113,2026:05:03 11:24:26,IMG_4981.HEIC
p0114,2026:05:03 12:11:22,IMG_4983.HEIC
p0115,2026:05:03 12:11:34,IMG_4984.HEIC
p0116,2026:05:03 12:40:38,IMG_5004.HEIC
p0117,2026:05:03 12:40:38,IMG_5005.HEIC
p0118,2026:05:03 12:40:42,IMG_5006.HEIC
p0119,2026:05:03 12:40:43,IMG_5007.HEIC
p0120,2026:05:03 12:41:19,IMG_5008.HEIC
p0121,2026:05:03 12:41:23,IMG_5009.HEIC
p0122,2026:05:03 12:41:24,IMG_5010.HEIC
p0123,2026:05:03 12:41:26,IMG_5011.HEIC
p0124,2026:05:03 12:41:48,IMG_5012.HEIC
p0125,2026:05:03 12:41:49,IMG_5013.HEIC
p0126,2026:05:03 12:41:49,IMG_5014.HEIC
p0127,2026:05:03 12:51:46,IMG_5027.HEIC
p0128,2026:05:03 12:51:57,IMG_5028.HEIC
p0129,2026:05:03 12:51:58,IMG_5029.HEIC
p0130,2026:05:03 12:51:59,IMG_5030.HEIC
p0131,2026:05:03 12:52:00,IMG_5031.HEIC
p0132,2026:05:03 12:53:18,IMG_5034.HEIC
p0133,2026:05:03 12:53:23,IMG_5035.HEIC
p0134,2026:05:03 12:53:26,IMG_5036.HEIC
p0135,2026:05:03 12:53:27,IMG_5037.HEIC
p0136,2026:05:03 12:53:28,IMG_5038.HEIC
p0137,2026:05:03 12:57:38,IMG_5043.HEIC
p0138,2026:05:03 12:57:39,IMG_5044.HEIC
p0139,2026:05:03 12:59:06,IMG_5045.HEIC
p0140,2026:05:03 12:59:07,IMG_5046.HEIC
p0141,2026:05:03 13:03:56,IMG_5049.HEIC
p0142,2026:05:03 13:03:56,IMG_5050.HEIC
p0143,2026:05:03 13:04:01,IMG_5051.HEIC
p0144,2026:05:03 13:04:01,IMG_5052.HEIC
p0145,2026:05:03 13:07:17,IMG_5055.HEIC
p0146,2026:05:03 13:07:17,IMG_5056.HEIC
p0147,2026:05:03 13:23:32,IMG_5067.HEIC
p0148,2026:05:03 13:23:33,IMG_5068.HEIC
p0149,2026:05:03 13:23:33,IMG_5069.HEIC
p0150,2026:05:03 13:23:35,IMG_5070.HEIC
p0151,2026:05:03 13:23:35,IMG_5071.HEIC
p0152,2026:05:03 13:24:24,IMG_5073.HEIC
p0153,2026:05:03 13:24:26,IMG_5074.HEIC
p0154,2026:05:03 13:24:27,IMG_5075.HEIC
p0155,2026:05:03 13:24:27,IMG_5076.HEIC
p0156,2026:05:03 13:24:28,IMG_5077.HEIC
p0157,2026:05:03 13:24:28,IMG_5078.HEIC
p0158,2026:05:03 13:24:29,IMG_5079.HEIC
p0159,2026:05:04 15:39:38,IMG_5136.HEIC
p0160,2026:05:04 15:39:40,IMG_5137.HEIC
p0161,2026:05:04 15:39:41,IMG_5138.HEIC
p0162,2025:08:03 18:31:12,IMG_6382.HEIC
p0163,2025:08:03 18:31:26,IMG_6383.HEIC
p0164,2025:08:03 18:31:27,IMG_6384.HEIC
p0165,2025:08:03 18:31:30,IMG_6385.HEIC
p0166,2025:08:08 01:26:49,IMG_6495.HEIC
p0167,2025:08:08 01:26:52,IMG_6496.HEIC
p0168,2025:08:08 01:26:53,IMG_6497.HEIC
p0169,2025:08:08 01:27:09,IMG_6498.HEIC
p0170,2025:08:08 11:57:24,IMG_6510.HEIC
p0171,2025:08:08 11:57:33,IMG_6511.HEIC
p0172,2025:08:08 11:57:36,IMG_6512.HEIC
p0173,2025:08:09 16:19:41,IMG_6537.HEIC
p0174,2025:08:09 16:19:42,IMG_6538.HEIC
p0175,2025:08:09 16:19:43,IMG_6539.HEIC
p0176,2025:08:09 16:19:47,IMG_6540.HEIC
p0177,2025:08:09 16:20:01,IMG_6541.HEIC
p0178,2025:09:17 13:44:21,IMG_8249.HEIC
p0179,2025:09:17 13:44:22,IMG_8250.HEIC
p0180,2025:09:17 13:44:23,IMG_8251.HEIC
p0181,2025:09:17 13:44:24,IMG_8252.HEIC
p0182,2025:09:17 13:44:25,IMG_8253.HEIC
p0183,2025:09:17 13:44:29,IMG_8254.HEIC
p0184,2025:09:17 13:44:30,IMG_8255.HEIC
p0185,2025:09:17 13:44:30,IMG_8256.HEIC
p0186,2025:09:17 13:44:31,IMG_8257.HEIC
p0187,2025:09:17 14:01:47,IMG_8261.HEIC
p0188,2025:09:19 17:33:24,IMG_8295.HEIC
p0189,2025:09:19 18:57:14,IMG_8306.HEIC
p0190,2025:09:19 18:57:24,IMG_8308.HEIC
p0191,2026:07:30 12:51:36,238482c6-a9a7-46f1-879f-5f7cf23ddcb7.jpg
p0192,2026:07:30 12:51:36,265383d7-7bbc-40f2-b8b6-d2d17bf52c30.jpg
p0193,2026:07:30 12:51:36,31493679-9d67-45b1-ab4c-28928f6b7b8a.jpg
p0194,2026:07:30 12:51:36,31f31b64-5189-4a3c-be8b-d7cb698d6b3d.jpg
p0195,2026:07:30 12:51:36,37778f70-0b31-466a-8db4-f4dab843d11c.jpg
p0196,2026:07:30 12:51:36,3F80664D-5C8B-4F5C-B252-411168E0E965.jpg
p0197,2026:07:30 12:51:36,42f52596-f5ab-43b3-a7f3-33ad48a750ba.jpg
p0198,2026:07:30 12:51:36,4996BE39-C4F0-4BA3-8459-7EFCE9B81CD6.jpg
p0199,2026:07:30 12:51:36,539EB400-9268-4C9F-BBD2-855FF5AB75AB.jpg
p0200,2026:07:30 12:51:38,652e0a05-6c20-43fd-9e32-6d0f1d65ec82.jpg
p0201,2026:07:30 12:51:36,668B0CF3-F02B-446B-AF4D-B2278055AB4A.jpg
p0202,2026:07:30 12:51:36,6c951dc2-f963-4e54-8a45-a7de6756cd58.jpg
p0203,2026:07:30 12:51:36,6e5c15e0-7631-407b-a142-e79a52a66bcf.jpg
p0204,2026:07:30 12:51:36,7E12A7E0-6D16-44B7-B7DB-ACEAA6C547CE.jpg
p0205,2026:07:30 12:51:36,9BACBECB-12BF-4C51-A3FC-C58A8F095DFB.jpg
p0206,2026:07:30 12:51:36,B69791F5-A91A-477A-B033-94DA17C05ED7.jpg
p0207,2026:07:30 12:51:36,BE769CD4-E15D-4C7E-9E18-5200B1075090.jpg
p0208,2026:07:30 12:51:36,C6084466-5D18-41ED-A14E-2E8CDD6CC597.jpg
p0209,2026:07:30 12:51:36,FA467B43-F53A-4C8F-92A6-A859B4FAA054.jpg
p0210,2026:07:30 12:51:36,IMG_1812.JPG
p0211,2026:07:30 12:51:36,ccb9a0c6-39d3-40a2-8a6d-c59533a3d487.jpg
p0212,2026:07:30 12:51:36,d8c3454d-5881-4b25-b05b-e45bbdcf8bf7.jpg
p0213,2025:08:31 03:09:59,A9CFEFBC-104F-4A21-A8BB-EAAEE8E5F5B8.jpeg
p0214,2026:03:02 16:00:35,E8317840-FB83-45F4-8DEF-420485B93DDB.jpeg
p0215,2025:11:30 10:36:92,E8387B54-91C6-4D20-A388-C5250AF07B19.jpeg
p0216,2025:08:26 16:03:54,F83FBD0E-9417-4F35-A140-507D771F4556.jpeg
p0217,2025:09:30 01:07:22,FB9CB512-9852-4C0C-96CE-1953BFBB91EA.jpeg
p0218,2025:11:02 15:11:10,IMG_0230.PNG
p0219,2025:11:08 23:10:55,IMG_0359.PNG
p0220,2025:11:08 23:11:09,IMG_0360.PNG
p0221,2025:11:08 23:11:22,IMG_0361.PNG
p0222,2025:11:08 23:11:39,IMG_0362.PNG
p0223,2026:01:01 04:55:49,IMG_1808.PNG
p0224,2026:01:06 18:47:52,IMG_2025.PNG
p0225,2026:01:06 18:48:14,IMG_2026.PNG
p0226,2026:02:01 04:55:31,IMG_2541.PNG
p0227,2026:03:21 18:29:50,IMG_3796.PNG
p0228,2026:04:27 21:58:54,IMG_4761.PNG
p0229,2026:04:30 15:22:42,IMG_4810.PNG
p0230,2025:08:08 10:32:46,IMG_6525(1).PNG
p0231,2025:08:08 10:32:46,IMG_6525.PNG
p0232,2025:08:11 14:58:43,IMG_6618(1).PNG
p0233,2025:08:11 14:58:43,IMG_6618.PNG
p0234,2026:07:31 03:44:07,IMG_7819.PNG
p0235,2026:07:31 03:44:29,IMG_7820.PNG
p0236,2026:07:31 03:44:40,IMG_7821.PNG
p0237,2026:07:31 03:44:51,IMG_7822.PNG
p0238,2026:07:31 03:45:25,IMG_7823.PNG
p0239,2026:07:31 03:45:37,IMG_7824.PNG
p0240,2026:07:30 12:51:38,IMG_7837.PNG
p0241,2025:08:30 21:40:44,IMG_7838.PNG
p0242,2025:09:01 19:05:19,IMG_7893.PNG
p0243,2025:09:26 08:16:02,IMG_9082.PNG
p0244,2025:09:30 01:02:20,IMG_9184.PNG
p0245,2025:10:04 02:49:57,IMG_9353.PNG
